# {"t_start": 1557335607.2925522, "env_id": "Diplomacy_Strategy-v0"} 
r,l,t
-180.0,17,197.016932
-310.0,29,221.457458
-150.0,15,905.770861
-180.0,15,936.337805
